TIMESTAMP,PRESSURE,GYRO_X,GYRO_Y,GYRO_Z,ACCEL_X,ACCEL_Y,ACCEL_Z,VOLTAGE,CURRENT,GPS_TIME,GPS_ALTITUDE,GPS_LATITUDE,GPS_LONGITUDE,GPS_SATS
0.0,92446.6,-0.02,0.0,-0.01,-0.1,0.4,-9.61,8.2,0.15,17:03:02,820.4,38.3757,-79.6074,12
1.0,92447.3,-0.03,0.0,-0.02,-0.08,0.39,-9.61,8.2,0.14,17:03:03,820.4,38.3757,-79.6074,12
2.01,92443.5,-0.03,0.0,-0.02,-0.05,0.35,-9.59,8.2,0.15,17:03:04,820.3,38.3757,-79.6074,12
3.01,92434.9,0.15,-0.06,1.42,1.67,-1.72,-114.77,8.2,0.14,17:03:05,820.4,38.3757,-79.6074,12
4.01,91419.7,0.36,-0.04,-4.78,-7.1,-5.7,-48.01,8.2,0.14,17:03:06,821.2,38.3757,-79.6073,12
5.01,90155.3,0.74,-0.08,-4.9,-6.78,-0.13,19.3,8.2,0.14,17:03:07,0.0,0.0,0.0,12
6.01,88960.8,0.3,-0.13,-4.03,-2.04,0.0,11.68,8.1,0.51,17:03:08,822.9,38.3757,-79.6073,12
7.01,88007.2,0.26,-0.08,-3.26,-1.24,0.76,8.54,8.2,0.24,17:03:09,825.3,38.3757,-79.6073,12
8.01,87172.8,0.21,0.16,-2.57,-1.31,-0.19,5.54,8.2,0.24,17:03:10,828.2,38.3758,-79.6073,12
9.01,86342.1,-0.02,0.04,-2.24,-1.5,-0.88,4.21,8.1,1.38,17:03:11,835.4,38.3758,-79.6072,12
10.01,85841.5,0.1,0.1,-1.83,-1.23,0.39,2.36,8.0,1.82,17:03:12,1463.1,38.3765,-79.6067,12
11.01,85453.7,0.0,0.12,-1.5,-0.63,-0.08,1.54,8.1,1.54,17:03:13,1505.9,38.3766,-79.6066,12
12.01,85149.4,-0.19,-0.01,-1.19,-0.16,0.08,0.74,8.1,1.51,17:03:14,1534.2,38.3767,-79.6066,12
13.01,84935.6,-0.25,-0.02,-0.81,-0.25,0.16,0.43,8.1,1.46,17:03:15,1561.3,38.3768,-79.6065,12
14.01,84736.9,-0.25,-0.43,-0.94,0.55,-1.19,-2.21,8.1,1.32,17:03:16,1584.3,38.3769,-79.6064,12
15.01,84743.1,1.92,3.51,-0.15,-2.56,-2.83,1.36,8.1,0.2,17:03:17,1602.3,38.377,-79.6063,12
16.01,84791.1,1.89,1.47,-2.91,-0.34,-1.99,6.91,8.2,0.21,17:03:18,1615.6,38.377,-79.6061,12
17.01,84861.3,0.69,2.21,-2.94,-0.79,-2.74,10.86,8.2,0.21,17:03:19,1610.0,38.3772,-79.6061,12
18.01,84915.4,0.87,0.89,-3.38,-0.34,-3.0,9.68,8.1,1.12,17:03:20,1602.2,38.3773,-79.6061,12
19.01,84983.1,0.68,1.24,-3.95,-0.9,-1.22,9.42,8.2,0.2,17:03:21,1596.1,38.3773,-79.606,12
20.01,85068.8,-1.65,-1.08,-3.45,-0.21,4.31,9.34,8.1,0.74,17:03:22,1576.0,38.3772,-79.606,12
21.01,85142.8,0.74,-1.4,-3.53,-0.73,3.64,8.75,8.1,0.2,17:03:23,1549.7,38.3772,-79.6059,12
22.01,85144.7,-0.19,-1.88,-3.15,-0.49,4.9,11.5,8.1,0.2,17:03:24,1536.8,38.3772,-79.6059,12
23.01,85272.1,0.22,-1.17,-4.27,-1.4,0.23,10.76,8.1,0.2,17:03:25,1529.0,38.3772,-79.6058,12
25.01,85327.3,-1.96,-0.61,-5.84,-1.09,0.25,10.46,8.1,0.2,17:03:26,1522.2,38.3772,-79.6058,12
26.01,85363.5,0.54,1.52,-6.28,-1.86,-0.23,9.45,8.1,0.19,17:03:27,1515.7,38.3772,-79.6057,12
27.01,85416.7,0.54,0.45,-6.32,-1.05,0.06,8.97,8.2,0.19,17:03:28,1509.7,38.3772,-79.6057,12
28.01,85435.7,1.8,0.68,-6.46,-1.77,-0.02,10.3,8.2,1.39,17:03:29,1503.0,38.3773,-79.6056,12
29.01,85536.4,-1.16,2.23,-6.98,-1.81,-0.16,10.89,8.1,1.07,17:03:30,1496.3,38.3773,-79.6056,12
30.01,85610.3,0.77,-3.18,-6.92,-2.47,0.72,11.86,8.2,0.19,17:03:31,1489.3,38.3773,-79.6055,12
31.01,85611.0,2.52,1.17,-6.32,-2.08,0.0,11.63,8.2,0.19,17:03:32,1481.8,38.3773,-79.6055,12
32.01,85737.1,-2.1,2.08,-6.87,-1.26,-2.72,9.9,8.2,0.19,17:03:33,1475.4,38.3773,-79.6055,12
33.01,85802.8,-2.25,-2.31,-8.75,-0.51,-2.99,8.76,8.2,0.2,17:03:34,1468.3,38.3773,-79.6054,12
34.01,85874.4,-0.33,2.11,-9.75,-1.67,-1.7,10.58,8.2,0.19,17:03:35,1460.6,38.3773,-79.6054,12
35.01,85947.4,1.4,1.01,0.07,-2.33,-0.93,10.96,8.1,0.25,17:03:36,1452.7,38.3773,-79.6053,12
36.01,86018.9,-2.56,-2.02,-14.0,-6.9,-0.57,18.3,8.1,1.04,17:03:37,1445.2,38.3773,-79.6053,12
37.01,86077.5,-0.18,2.53,-5.09,-2.16,-0.48,11.29,8.1,0.2,17:03:38,1439.0,38.3773,-79.6052,12
38.01,86138.3,-1.88,-3.64,-8.31,-1.3,0.36,10.38,8.2,0.2,17:03:39,1433.6,38.3773,-79.6052,12
39.01,86194.1,-2.61,-0.02,-6.49,-0.74,-1.67,11.28,8.2,0.19,17:03:40,1427.2,38.3773,-79.6051,12
40.01,86257.4,-2.09,-2.43,-6.92,-1.8,0.3,10.98,8.1,0.19,17:03:41,1421.2,38.3773,-79.6051,12
41.01,86313.0,-1.44,0.36,-6.11,-2.32,-0.7,12.23,8.2,0.19,17:03:42,1415.2,38.3774,-79.605,12
42.01,86368.8,-2.24,-2.3,-7.51,0.02,-0.21,10.63,8.1,0.19,17:03:43,1409.5,38.3774,-79.605,12
43.01,86424.4,-0.19,-4.23,-5.09,-3.11,0.83,12.4,8.2,0.6,17:03:44,1404.0,38.3774,-79.6049,12
44.01,86472.5,-3.81,0.8,-7.38,-0.33,-1.47,10.36,8.1,0.2,17:03:45,1399.1,38.3774,-79.6049,12
45.02,86512.4,0.39,-2.59,-5.54,-2.17,-0.13,11.61,8.2,0.2,17:03:46,1394.3,38.3774,-79.6048,12
46.02,86562.3,-3.0,1.13,-8.68,-2.24,-0.59,13.48,8.2,0.2,17:03:47,1389.6,38.3774,-79.6047,12
47.02,86600.8,-2.69,0.27,-6.03,1.16,-0.98,9.9,8.2,0.19,17:03:48,1385.2,38.3774,-79.6047,12
48.02,86640.0,0.48,-2.06,-6.89,-3.69,-0.41,12.9,8.1,0.19,17:03:49,1381.5,38.3774,-79.6046,12
49.02,86677.5,-3.24,0.41,-6.17,0.75,-1.15,10.62,8.2,0.18,17:03:50,1377.9,38.3774,-79.6046,12
50.02,86710.0,-2.24,-2.77,-5.65,-1.58,-0.91,9.73,8.1,0.19,17:03:51,1374.2,38.3775,-79.6045,12
52.02,86743.4,-1.2,0.4,-6.64,-1.58,-1.02,11.33,8.1,0.27,17:03:52,1370.3,38.3775,-79.6045,12
53.02,86778.7,-3.9,-1.9,-7.64,-0.79,0.19,10.98,8.1,0.19,17:03:53,1366.7,38.3775,-79.6044,12
54.02,86819.3,-1.4,0.16,-5.29,-0.83,-1.35,9.49,8.1,0.19,17:03:54,1362.7,38.3775,-79.6044,12
55.02,86847.8,-2.87,-2.72,-7.07,-1.28,-0.46,11.94,8.2,0.19,17:03:55,1358.3,38.3775,-79.6043,12
56.02,86901.1,-1.34,-0.12,-5.97,-2.95,-0.68,11.82,8.2,0.17,17:03:56,1354.1,38.3775,-79.6043,12
57.02,86944.1,-1.51,-0.1,-6.01,0.24,-0.68,8.22,8.1,0.18,17:03:57,1349.8,38.3775,-79.6043,12
58.02,86988.1,-0.14,5.33,-4.67,-3.6,-6.48,11.46,8.1,1.67,17:03:58,1345.2,38.3775,-79.6042,12
59.02,86955.2,0.24,-1.47,-1.43,-0.68,1.3,9.8,8.1,1.27,17:03:59,1340.0,38.3775,-79.6042,12
60.02,87056.8,-0.26,0.5,-1.63,0.04,-1.9,10.35,8.1,1.19,17:04:00,1333.1,38.3775,-79.6042,12
61.02,86951.7,0.54,-1.06,-2.78,-1.24,0.64,10.3,8.2,0.18,17:04:01,1326.7,38.3775,-79.6042,12
62.02,87231.6,-1.89,1.26,-0.67,-1.73,0.47,13.1,8.1,0.19,17:04:02,1319.9,38.3776,-79.6041,12
63.02,87296.9,-0.03,0.64,-1.21,0.13,-1.07,9.01,8.1,0.18,17:04:03,1315.1,38.3776,-79.604,12
64.02,87329.8,1.52,0.42,-0.25,-1.01,-1.86,9.5,8.1,0.18,17:04:04,1309.8,38.3776,-79.604,12
65.02,87408.2,0.74,0.58,-0.85,-0.09,-2.34,9.85,8.1,0.18,17:04:05,1303.6,38.3776,-79.6039,12
66.02,87460.9,-0.09,-1.35,-1.24,-0.39,-0.23,9.81,8.1,0.18,17:04:06,1297.8,38.3776,-79.6039,12
67.02,87144.6,-0.47,0.4,-1.62,-1.08,0.55,11.17,8.1,0.46,17:04:07,1290.5,38.3776,-79.6039,12
68.02,87593.9,-1.07,-0.49,-0.56,-0.06,0.64,10.14,8.1,2.33,17:04:08,1284.0,38.3777,-79.6038,12
69.02,87657.6,-1.42,-0.2,-0.43,-0.75,-0.41,10.22,8.1,0.19,17:04:09,1279.0,38.3777,-79.6037,12
70.02,87711.5,0.72,0.76,-0.72,-0.96,-1.41,10.06,8.1,0.18,17:04:10,1273.6,38.3777,-79.6036,12
71.02,87764.6,0.15,0.22,0.54,-0.45,-1.62,9.45,8.1,0.18,17:04:11,1268.4,38.3777,-79.6036,12
72.02,87810.8,-0.71,-0.67,-0.78,-0.72,-1.6,10.5,8.2,0.18,17:04:12,1263.3,38.3777,-79.6036,12
73.02,87873.9,0.77,0.4,-0.48,-0.91,-1.31,10.14,8.2,0.17,17:04:13,1258.0,38.3777,-79.6036,12
74.02,87486.8,0.47,0.27,0.52,-0.36,-2.21,10.64,8.1,0.19,17:04:14,1253.0,38.3777,-79.6036,12
75.02,87946.9,0.88,-0.79,-2.33,-0.75,-1.4,9.39,8.1,0.18,17:04:15,1247.8,38.3777,-79.6036,12
77.02,87830.2,0.04,-0.93,-0.86,-1.37,0.55,11.26,8.1,0.18,17:04:16,1242.0,38.3778,-79.6035,12
78.02,88081.5,-1.04,0.02,-0.53,-1.13,-0.58,12.11,8.1,0.17,17:04:17,1236.6,38.3778,-79.6035,12
79.02,88146.8,-1.73,0.11,0.25,-0.39,0.64,11.46,8.1,1.86,17:04:18,1231.4,38.3778,-79.6034,12
80.02,88187.5,-0.33,-0.71,-0.39,-0.69,-1.37,9.34,8.1,0.18,17:04:19,1227.4,38.3778,-79.6033,12
81.02,88225.1,0.71,1.09,-0.51,-1.2,-1.5,10.23,8.1,0.18,17:04:20,1223.5,38.3778,-79.6032,12
82.02,88268.4,-0.33,0.12,1.16,-0.19,-1.98,9.49,8.1,0.19,17:04:21,1219.5,38.3779,-79.6032,12
83.02,88306.7,0.66,-0.53,-0.51,-0.26,-1.82,9.49,8.1,0.17,17:04:22,1215.6,38.3779,-79.6031,12
84.02,88346.8,-0.52,0.22,-0.07,-1.12,-1.64,9.29,8.1,0.18,17:04:23,1212.4,38.3779,-79.6031,12
85.02,88384.2,0.19,0.19,0.81,-0.12,-2.28,9.63,8.1,0.18,17:04:24,1208.7,38.3779,-79.603,12
86.02,88422.8,-0.87,-0.33,-1.55,-0.25,-2.04,9.39,8.1,0.18,17:04:25,1205.0,38.378,-79.6029,12
87.02,88464.2,-0.15,-0.59,1.96,-1.27,-0.68,9.62,8.1,1.14,17:04:26,1201.2,38.378,-79.6029,12
88.03,88510.6,-0.16,-0.25,2.05,-0.17,-1.55,9.72,8.1,0.18,17:04:27,1197.4,38.378,-79.6028,12
89.03,88551.0,-0.24,-0.66,-0.08,-0.85,-2.0,10.21,8.1,1.18,17:04:28,1193.2,38.378,-79.6027,12
90.03,88599.0,0.51,0.02,-0.48,-1.06,-1.33,7.9,8.1,1.15,17:04:29,1188.6,38.3781,-79.6027,12
91.03,88649.7,0.13,-1.28,-0.64,-0.79,-0.76,10.28,8.1,1.84,17:04:30,1183.3,38.3781,-79.6026,12
92.03,88706.9,0.23,-0.76,0.6,-0.94,-1.28,10.2,8.1,0.18,17:04:31,1178.2,38.3781,-79.6026,12
93.03,88753.9,-0.72,1.27,-0.66,-0.85,-0.52,10.92,8.1,0.17,17:04:32,1173.8,38.3781,-79.6025,12
94.03,88791.1,-0.83,-0.21,1.55,-0.72,-1.1,10.49,8.1,0.19,17:04:33,1170.0,38.3781,-79.6025,12
95.03,88828.8,-0.37,-0.91,1.84,-0.39,-1.7,10.65,8.1,0.18,17:04:34,1166.5,38.3781,-79.6024,12
96.03,88868.5,0.94,-0.27,-0.13,-0.11,-3.16,10.28,8.1,0.18,17:04:35,1163.0,38.3781,-79.6024,12
97.03,88813.0,0.39,-0.26,-1.7,-0.83,-0.62,10.22,8.1,0.18,17:04:36,1159.3,38.3782,-79.6023,12
98.03,88947.6,-0.13,-0.18,-1.44,-0.93,-0.24,12.21,8.1,1.45,17:04:37,1154.8,38.3782,-79.6023,12
99.03,88989.1,0.35,0.04,1.33,-0.25,-0.46,11.77,8.1,2.38,17:04:38,1151.2,38.3782,-79.6022,12
101.03,89022.7,0.44,0.32,0.05,-0.54,-1.91,10.18,8.1,0.18,17:04:39,1148.3,38.3782,-79.6021,12
102.03,89062.3,-0.57,0.01,0.46,-0.85,-1.07,9.76,8.1,0.18,17:04:40,1144.8,38.3783,-79.6021,12
103.03,89100.9,-0.18,-1.27,2.84,-0.58,-2.75,9.42,8.1,0.18,17:04:41,1140.7,38.3783,-79.602,12
104.03,89005.8,0.43,-1.38,-1.36,-0.23,-0.35,8.65,8.1,0.18,17:04:42,1136.4,38.3783,-79.602,12
105.03,89171.2,-0.18,-0.19,-1.37,-0.71,0.44,11.29,8.1,2.14,17:04:43,1130.8,38.3783,-79.6019,12
106.03,89248.7,-1.19,0.17,0.48,-0.31,0.03,9.91,8.1,1.17,17:04:44,1126.5,38.3783,-79.6019,12
107.03,89294.3,0.11,-0.33,0.02,-0.51,-1.12,9.95,8.1,0.18,17:04:45,1122.3,38.3783,-79.6018,12
108.03,89337.2,0.37,-0.41,1.21,-0.97,-1.93,10.11,8.1,0.19,17:04:46,1117.8,38.3784,-79.6018,12
109.03,89305.6,2.14,-1.3,-0.66,-0.33,0.11,7.41,8.1,0.19,17:04:47,1113.4,38.3784,-79.6017,12
110.03,89419.6,0.16,0.18,-0.51,-0.39,0.0,12.17,8.1,0.18,17:04:48,1107.8,38.3784,-79.6017,12
111.03,89490.9,-1.23,0.2,0.32,-0.09,0.66,9.86,8.1,0.18,17:04:49,1103.5,38.3784,-79.6016,12
112.03,89533.1,0.55,-0.19,0.65,-0.78,-1.58,10.53,8.1,0.18,17:04:50,1098.9,38.3784,-79.6015,12
113.03,89581.3,0.92,0.66,-0.94,-0.88,-2.43,8.87,8.1,1.26,17:04:51,1094.3,38.3784,-79.6015,12
114.03,89626.6,-0.94,0.01,-1.08,-0.51,-1.08,12.05,8.1,2.31,17:04:52,1089.3,38.3784,-79.6014,12
115.03,89675.9,-0.54,-0.43,2.86,-0.33,-2.27,10.32,8.1,0.91,17:04:53,1085.0,38.3784,-79.6013,12
116.03,89719.2,-0.69,-0.49,1.19,-0.76,-1.44,10.59,8.1,1.29,17:04:54,1080.9,38.3784,-79.6013,12
117.03,89761.5,1.15,-1.09,1.23,-0.62,-2.25,11.49,8.1,2.23,17:04:55,1076.7,38.3784,-79.6013,12
118.03,89817.0,-0.75,-1.53,2.43,-1.46,-1.49,11.94,8.1,0.19,17:04:56,1072.2,38.3784,-79.6012,12
119.03,89852.8,-0.93,-1.76,2.96,-1.37,-0.45,12.29,8.1,0.19,17:04:57,1068.2,38.3784,-79.6012,12
120.03,89894.9,-1.8,-1.78,3.08,-1.42,-1.4,11.19,8.1,0.18,17:04:58,1063.8,38.3784,-79.6012,12
121.03,89954.5,-3.7,-1.51,3.04,-1.58,-0.77,14.15,8.1,0.18,17:05:00,1058.7,38.3784,-79.6011,12
122.03,90001.7,-3.29,-1.36,4.08,-1.74,-2.33,12.33,8.1,1.09,17:05:01,1053.8,38.3784,-79.6011,12
124.03,90054.5,-2.97,-1.26,2.26,-1.79,-1.51,12.36,8.1,0.19,17:05:02,1049.1,38.3784,-79.601,12
125.03,90103.0,-3.87,-0.95,4.4,-1.47,-2.01,12.61,8.1,0.18,17:05:03,1044.0,38.3784,-79.601,12
126.03,90153.4,-3.78,-1.08,3.2,-1.49,-1.6,12.73,8.1,0.18,17:05:04,1038.9,38.3784,-79.6009,12
127.03,90207.4,-3.39,-1.48,3.69,-2.1,-1.73,13.59,8.1,0.2,17:05:05,1033.8,38.3784,-79.6009,12
128.03,90264.9,-3.44,-0.69,3.48,-2.11,-1.47,13.07,8.1,0.18,17:05:06,1028.5,38.3784,-79.6008,12
129.03,90322.4,-3.81,-0.67,3.29,-1.53,-1.96,12.55,8.1,0.58,17:05:07,1023.2,38.3784,-79.6008,12
130.03,90376.9,-2.55,-1.47,2.84,-1.24,-1.28,11.18,8.1,0.18,17:05:08,1017.3,38.3784,-79.6007,12
131.04,90471.4,-3.22,-1.94,2.27,-1.17,-1.01,12.08,8.1,0.18,17:05:09,1011.3,38.3784,-79.6007,12
132.04,90503.0,-4.07,-1.33,3.16,-1.7,-3.29,11.93,8.1,0.18,17:05:10,1005.2,38.3784,-79.6006,12
133.04,90566.5,-3.44,-1.52,3.03,-2.12,-2.04,10.98,8.1,0.18,17:05:11,999.5,38.3784,-79.6006,12
134.04,90611.7,-3.74,-0.15,2.62,-1.93,-1.43,12.95,8.1,0.18,17:05:12,994.0,38.3784,-79.6005,12
135.04,90683.7,-3.22,-0.32,3.84,-0.99,-1.4,11.82,8.1,1.28,17:05:13,988.0,38.3784,-79.6005,12
136.04,90748.2,-2.19,-1.22,2.81,-1.03,-2.66,12.89,8.1,0.18,17:05:14,981.7,38.3784,-79.6004,12
137.04,90813.0,-3.09,-1.32,4.04,-1.86,-2.62,11.43,8.1,0.19,17:05:15,975.8,38.3784,-79.6004,12
138.04,90882.7,-3.83,-0.78,2.57,-1.28,-1.23,12.16,8.1,0.19,17:05:16,969.2,38.3784,-79.6003,12
139.04,90946.2,-3.09,-0.5,3.99,-1.16,-1.44,11.93,8.1,0.18,17:05:17,962.7,38.3784,-79.6003,12
140.04,91017.3,-3.17,-1.16,2.61,-1.25,-1.92,11.48,8.1,0.18,17:05:18,956.1,38.3784,-79.6002,12
141.04,91086.0,-2.42,-1.2,3.05,-1.12,-1.79,12.22,8.1,0.18,17:05:19,949.3,38.3784,-79.6002,12
142.04,91155.4,-2.76,-1.51,3.18,-1.3,-2.15,12.23,8.1,0.3,17:05:20,942.6,38.3784,-79.6001,12
143.04,91228.0,-2.93,-1.87,3.01,-1.17,-2.42,11.89,8.1,0.42,17:05:21,936.2,38.3784,-79.6001,12
144.04,91290.8,-2.88,-1.34,3.22,-1.64,-2.3,12.56,8.1,0.2,17:05:22,929.8,38.3784,-79.6,12
145.04,91356.9,-3.51,-1.92,3.21,-1.53,-1.86,12.09,8.1,0.18,17:05:23,923.6,38.3784,-79.6,12
146.04,91423.3,-2.18,-1.59,3.22,-1.82,-2.44,11.99,8.1,0.18,17:05:24,917.4,38.3784,-79.5999,12
148.04,91489.7,-4.51,-1.14,3.48,-1.43,-1.58,12.28,8.1,0.18,17:05:25,911.3,38.3784,-79.5999,12
149.04,91556.3,-3.2,-0.48,2.89,-1.88,-1.41,12.47,8.1,0.18,17:05:26,904.8,38.3784,-79.5998,12
150.04,91617.6,-2.82,-0.89,3.66,-1.17,-2.29,11.12,8.1,0.18,17:05:27,898.2,38.3784,-79.5998,12
151.04,91702.7,-3.17,-0.93,2.59,-1.3,-1.49,12.9,8.1,0.18,17:05:28,891.7,38.3784,-79.5997,12
152.04,91760.7,-2.8,-1.07,3.59,-1.53,-2.05,12.33,8.1,0.18,17:05:29,885.3,38.3784,-79.5997,12
153.04,91820.4,-2.98,-0.93,3.53,-0.99,-2.15,13.57,8.1,1.21,17:05:30,879.0,38.3784,-79.5997,12
154.04,91878.4,-2.9,-0.17,2.61,-1.71,-3.12,11.77,8.1,1.91,17:05:31,873.6,38.3784,-79.5996,12
155.04,91930.8,-1.81,-1.87,2.16,-1.24,-0.89,13.77,8.1,1.26,17:05:32,868.5,38.3784,-79.5996,12
156.04,91984.9,-3.55,-1.06,1.36,-0.38,-3.0,7.29,8.1,0.18,17:05:33,864.1,38.3784,-79.5996,12
157.04,92035.5,-1.94,-0.92,1.1,-0.1,-1.96,10.22,8.1,0.18,17:05:34,859.1,38.3784,-79.5995,12
158.04,92100.8,-1.71,0.04,0.63,0.45,-2.54,10.59,8.1,0.18,17:05:35,853.3,38.3784,-79.5995,12
159.04,92159.1,2.1,-4.33,-2.1,1.59,-6.35,6.03,8.1,0.86,17:05:36,848.1,38.3784,-79.5995,12
160.04,92210.9,2.02,-4.6,3.91,-1.13,15.96,17.41,8.1,1.3,17:05:37,843.1,38.3784,-79.5995,12
161.04,92218.7,-0.47,2.96,0.1,1.93,2.6,7.11,8.1,0.85,17:05:38,843.1,38.3784,-79.5995,12
162.04,92221.3,0.1,2.49,1.41,0.68,3.86,8.23,8.1,0.18,17:05:39,843.1,38.3784,-79.5995,12
163.04,92218.7,-0.41,1.56,2.85,-0.06,4.22,8.75,8.1,1.35,17:05:40,843.0,38.3784,-79.5995,12
164.04,92219.3,-0.76,0.79,4.77,-1.55,2.54,9.74,8.1,1.21,17:05:41,842.9,38.3784,-79.5995,12
165.04,92220.2,-0.81,1.71,3.47,-1.55,2.01,9.32,8.1,0.18,17:05:42,843.0,38.3784,-79.5995,12
166.04,92220.8,-0.24,-0.64,-0.43,-0.85,0.63,10.49,8.1,0.18,17:05:43,842.9,38.3784,-79.5995,12
167.04,92220.3,0.23,0.01,-3.53,-0.65,0.93,9.83,8.1,0.19,17:05:44,843.0,38.3784,-79.5995,12
168.04,92220.4,0.1,-0.75,-1.28,-0.24,2.23,9.91,8.1,0.19,17:05:45,842.9,38.3784,-79.5995,12
169.04,92220.4,-0.09,0.52,1.36,-0.29,1.72,9.98,8.1,0.18,17:05:46,842.9,38.3784,-79.5995,12
170.04,92219.5,-0.3,0.15,2.13,-0.54,1.49,9.96,8.1,0.91,17:05:47,842.9,38.3784,-79.5995,12
172.04,92219.0,0.14,0.2,-0.64,-0.41,1.25,10.06,8.1,0.48,17:05:48,842.9,38.3784,-79.5995,12
173.04,92220.4,0.07,-0.58,-1.66,-0.42,1.52,9.96,8.1,0.18,17:05:49,842.9,38.3784,-79.5995,12
174.04,92221.5,0.02,0.14,-0.7,-0.23,2.04,9.89,8.1,0.18,17:05:50,842.9,38.3784,-79.5995,12
175.05,92222.8,-0.09,0.1,1.39,-0.25,1.88,9.87,8.1,0.18,17:05:51,842.9,38.3784,-79.5995,12
176.05,92223.0,-0.02,0.41,0.84,-0.35,1.6,10.0,8.1,0.18,17:05:52,842.8,38.3784,-79.5995,12
177.05,92223.6,-0.05,-0.29,-0.42,-0.38,1.62,9.93,8.1,0.18,17:05:53,842.8,38.3784,-79.5995,12
178.05,92223.2,0.09,-0.09,-1.16,-0.36,1.75,9.94,8.1,1.0,17:05:54,842.8,38.3784,-79.5995,12
179.05,92223.2,-0.01,-0.13,0.04,-0.25,1.9,9.84,8.1,0.18,17:05:55,842.8,38.3784,-79.5995,12
180.05,92222.5,-0.05,0.33,0.74,-0.32,1.77,9.92,8.1,0.18,17:05:56,842.8,38.3784,-79.5995,12
181.05,92223.6,-0.08,0.0,0.46,-0.31,1.66,9.85,8.1,0.18,17:05:57,842.7,38.3784,-79.5995,12
182.05,92224.1,0.03,-0.06,-0.54,-0.35,1.61,9.87,8.1,0.18,17:05:58,842.7,38.3784,-79.5995,12
183.05,92222.2,0.01,-0.18,-0.53,-0.28,1.77,9.82,8.1,0.18,17:05:59,842.7,38.3784,-79.5995,12
184.05,92223.0,-0.03,0.03,0.06,-0.31,1.83,9.91,8.1,0.18,17:06:00,842.7,38.3784,-79.5995,12
185.05,92221.0,-0.05,0.11,0.5,-0.3,1.79,9.88,8.1,0.17,17:06:01,842.7,38.3784,-79.5995,12
186.05,92221.6,-0.04,0.02,0.13,-0.33,1.58,9.94,8.1,0.47,17:06:02,842.7,38.3784,-79.5995,12
187.05,92219.4,0.01,-0.05,-0.38,-0.34,1.59,9.9,8.1,0.18,17:06:03,842.8,38.3784,-79.5995,12
188.05,92220.2,-0.02,-0.07,-0.22,-0.28,1.71,9.86,8.1,0.18,17:06:04,842.8,38.3784,-79.5995,12
189.05,92218.7,-0.02,0.09,0.2,-0.28,1.7,9.85,8.1,0.61,17:06:05,842.8,38.3784,-79.5995,12
190.05,92220.0,-0.05,0.0,0.31,-0.33,1.62,9.92,8.1,0.18,17:06:06,842.8,38.3784,-79.5995,12
191.05,92219.0,0.0,0.03,-0.11,-0.28,1.61,9.88,8.1,0.18,17:06:07,842.8,38.3784,-79.5995,12
192.05,92219.3,0.0,-0.12,-0.22,-0.31,1.69,9.9,8.1,0.18,17:06:08,842.7,38.3784,-79.5995,12
193.05,92221.8,-0.01,0.04,-0.12,-0.29,1.73,9.9,8.1,0.19,17:06:09,842.7,38.3784,-79.5995,12
194.05,92222.5,-0.04,0.0,0.25,-0.3,1.75,9.9,8.1,0.17,17:06:10,842.6,38.3784,-79.5995,12
196.05,92222.1,-0.04,0.08,0.06,-0.3,1.68,9.9,8.1,0.3,17:06:11,842.5,38.3784,-79.5995,12
197.05,92221.4,-0.02,-0.07,-0.07,-0.31,1.7,9.9,8.1,0.65,17:06:12,842.4,38.3784,-79.5995,12
198.05,92218.2,0.0,0.03,-0.15,-0.28,1.69,9.89,8.1,1.03,17:06:13,842.2,38.3784,-79.5995,12
199.05,92218.3,-0.03,-0.04,0.07,-0.27,1.71,9.89,8.1,1.1,17:06:14,842.1,38.3784,-79.5995,12
200.05,92219.7,-0.03,0.07,0.07,-0.29,1.67,9.91,8.1,0.18,17:06:15,841.9,38.3784,-79.5995,12
201.05,92216.3,-0.02,-0.04,0.02,-0.29,1.68,9.87,8.1,0.17,17:06:16,841.7,38.3784,-79.5995,12
202.05,92218.0,0.0,0.02,-0.13,-0.32,1.68,9.89,8.1,0.18,17:06:17,841.6,38.3784,-79.5995,12
203.05,92217.9,-0.02,-0.04,-0.03,-0.29,1.68,9.91,8.1,0.71,17:06:18,841.4,38.3784,-79.5995,12
207.05,92217.0,-0.02,-0.03,-0.06,-0.26,1.65,9.9,8.1,0.18,17:06:22,840.7,38.3784,-79.5995,12
208.05,92216.5,-0.02,0.0,0.01,-0.29,1.67,9.89,8.1,0.2,17:06:23,840.6,38.3784,-79.5995,12
209.05,92214.3,-0.03,0.02,0.06,-0.3,1.63,9.93,8.1,0.18,17:06:24,840.5,38.3784,-79.5995,12
210.05,92216.1,-0.02,-0.01,0.0,-0.3,1.61,9.9,8.1,0.18,17:06:25,840.3,38.3784,-79.5995,12
211.05,92213.0,-0.01,0.01,-0.08,-0.3,1.59,9.92,8.1,0.18,17:06:26,840.2,38.3784,-79.5995,12
212.05,92212.6,-0.02,-0.02,-0.04,-0.29,1.65,9.9,8.1,1.13,17:06:27,840.1,38.3784,-79.5995,12
213.05,92213.6,-0.03,0.03,0.04,-0.27,1.67,9.87,8.1,1.27,17:06:28,840.0,38.3784,-79.5995,12
214.05,92211.2,-0.02,-0.01,0.09,-0.31,1.6,9.92,8.1,0.18,17:06:29,839.9,38.3784,-79.5995,12
215.05,92214.7,-0.02,0.0,-0.04,-0.28,1.6,9.91,8.1,0.45,17:06:30,839.8,38.3784,-79.5995,12
216.05,92215.0,-0.03,-0.05,-0.07,-0.3,1.62,9.91,8.1,0.18,17:06:31,839.7,38.3784,-79.5995,12
217.05,92213.6,-0.02,0.03,-0.02,-0.29,1.57,9.92,8.1,0.18,17:06:32,839.7,38.3784,-79.5995,12
218.06,92215.6,-0.02,0.01,0.11,-0.29,1.58,9.95,8.1,0.18,17:06:33,839.6,38.3784,-79.5995,12
220.06,92214.5,-0.02,0.02,-0.01,-0.29,1.63,9.91,8.1,0.18,17:06:34,839.5,38.3784,-79.5995,12
221.06,92213.7,0.0,-0.01,-0.11,-0.29,1.58,9.85,8.1,0.18,17:06:35,839.5,38.3784,-79.5995,12
222.06,92212.2,-0.03,0.0,-0.06,-0.26,1.59,9.9,8.1,0.21,17:06:36,839.4,38.3784,-79.5995,12
223.06,92215.4,-0.03,0.0,0.06,-0.27,1.68,9.89,8.1,1.26,17:06:37,839.4,38.3784,-79.5995,12
224.06,92213.9,-0.02,0.01,0.05,-0.28,1.64,9.91,8.1,0.18,17:06:38,839.4,38.3784,-79.5995,12
225.06,92214.7,-0.02,-0.01,-0.02,-0.32,1.57,9.94,8.1,0.48,17:06:39,839.4,38.3784,-79.5995,12
232.06,92215.2,-0.02,0.0,0.02,-0.3,1.7,9.85,8.1,0.18,17:06:46,839.5,38.3784,-79.5995,12